nome,data_cotacao,pu_compra,pu_venda,taxa_compra,taxa_venda,vencimento
Tesouro Selic 2027,2026-07-29,XXXXX,XXXXX,0.00,0.00,2027-03-01
Tesouro Selic 2029,2026-07-29,XXXXX,XXXXX,0.00,0.00,2029-03-01
Tesouro Selic 2031,2026-07-29,XXXXX,XXXXX,0.00,0.00,2031-03-01
Tesouro IPCA+ 2029,2026-07-29,XXXXX,XXXXX,5.XX,5.XX,2029-05-15
Tesouro IPCA+ 2032,2026-07-29,XXXXX,XXXXX,5.XX,5.XX,2032-05-15
Tesouro IPCA+ 2035,2026-07-29,XXXXX,XXXXX,5.XX,5.XX,2035-05-15
Tesouro IPCA+ 2040,2026-07-29,XXXXX,XXXXX,5.XX,5.XX,2040-05-15
Tesouro IPCA+ 2045,2026-07-29,XXXXX,XXXXX,5.XX,5.XX,2045-05-15
Tesouro IPCA+ 2055,2026-07-29,XXXXX,XXXXX,5.XX,5.XX,2055-05-15
